#{"t_start": 1764082656.670414, "env_id": "None"}
r,l,t
-74.6,152,0.572235
-71.730595,156,0.603584
-80.2,150,0.633561
-66.382456,156,0.663656
-73.291008,168,0.694897
-62.185714,162,0.727462
-60.685714,154,0.759724
-73.35,153,0.7882
-73.55,154,0.81764
-74.25,150,0.846737
-73.385714,200,0.887616
-72.034477,164,0.918655
-66.785714,152,0.94827
-71.187541,194,0.985261
-57.796409,158,1.015235
-73.689765,155,1.045188
-72.419386,152,1.074122
-72.84478,154,1.103185
-72.359777,164,1.134877
-71.45,152,1.16451
-68.085714,155,1.196373
-67.235476,158,1.226847
-79.315157,166,1.25904
-78.0,155,1.288638
-64.72081,157,1.318387
-68.166687,158,1.349027
-69.1,157,1.379863
-78.05,157,1.409537
-71.7,161,1.440018
-66.735714,154,1.470355
-68.152386,154,1.501719
-61.044285,163,1.533558
-67.438236,161,1.563896
-67.035714,162,1.596358
-69.676798,161,1.627767
-75.8,157,1.657556
-63.674887,200,1.696594
-68.449696,156,1.726602
-78.9,162,1.757588
-66.616545,200,1.797203
-68.850838,155,1.829791
-67.085714,162,1.860306
-66.492378,154,1.890783
-71.186439,158,1.921182
-76.771429,189,1.957877
-68.376407,160,1.989371
-69.471429,200,2.027865
-68.6347,164,2.05932
-64.335714,164,2.090302
-63.890917,159,2.121966
-62.135714,164,2.156473
-69.152454,165,2.188157
-61.885714,155,2.219995
-56.035714,165,2.251622
-63.285714,161,2.283234
-65.822335,158,2.314614
-66.985714,150,2.344063
-74.35,157,2.374176
-67.012085,200,2.413301
-72.535714,194,2.450958
-75.95,161,2.484496
-68.4,153,2.515182
-57.878288,151,2.545123
-66.235714,153,2.574494
-62.571429,200,2.613371
-65.424298,157,2.645007
-66.335714,169,2.677596
-68.422367,158,2.708983
-54.371429,155,2.740713
-67.0,152,2.770352
-67.618817,162,2.804277
-61.66138,155,2.835263
-68.724935,165,2.867912
-69.33671,162,2.900396
-56.535714,161,2.932212
-69.285714,200,2.971976
-65.185714,168,3.00462
-66.15,156,3.035383
-64.135714,166,3.069976
-69.767656,164,3.10255
-70.742922,160,3.136686
-71.173228,164,3.170484
-63.384132,160,3.202144
-60.185714,156,3.232934
-65.035714,190,3.27181
-56.235714,162,3.303636
-65.035714,164,3.336165
-64.844228,147,3.366393
-74.735714,185,3.40261
-62.835714,166,3.435353
-59.785714,154,3.468978
-58.185714,155,3.500087
-61.887548,150,3.529973
-68.7304,157,3.560611
-62.360808,167,3.59543
-59.485714,158,3.626345
-62.714203,162,3.658397
-70.685027,162,3.691041
-61.839868,156,3.723198
-65.61584,165,3.755859
-63.724469,168,3.792668
-60.764825,156,3.824041
-61.335714,159,3.856631
-57.7751,158,3.889548
-72.747052,155,3.920282
-64.685714,161,3.95295
-57.735714,162,3.986132
-64.435714,155,4.017415
-59.405685,155,4.048326
-72.5,157,4.079422
-61.785714,159,4.114699
-67.287121,167,4.147522
-65.05,160,4.179263
-51.435714,161,4.213173
-68.021429,196,4.251872
-67.0,153,4.28212
-67.95,154,4.313606
-65.900151,153,4.34515
-58.385714,157,4.378371
-77.35,150,4.408574
-53.985714,158,4.443583
-61.635714,168,4.47729
-61.935714,160,4.510595
-55.985714,167,4.545287
-62.567918,152,4.576506
-58.4,149,4.606616
-61.535714,162,4.64021
-64.035714,159,4.672949
-60.113261,157,4.70508
-56.535714,156,4.738393
-59.935714,160,4.773553
-59.385714,154,4.805003
-59.285714,155,4.838116
-54.935714,160,4.870329
-56.41556,169,4.904699
-54.671429,159,4.939016
-57.685714,161,4.971434
-54.235714,165,5.005442
-59.185714,155,5.03699
-60.235714,163,5.070493
-58.535714,156,5.105072
-49.621429,160,5.138083
-64.841212,166,5.171839
-59.835714,156,5.203638
-63.285714,179,5.241743
-73.4,159,5.274433
-60.985714,157,5.306485
-56.235714,170,5.341052
-56.185714,161,5.375798
-60.535714,162,5.408785
-53.685714,166,5.445404
-49.835714,162,5.479543
-52.221429,157,5.511311
-63.085714,155,5.543851
-53.771429,161,5.578324
-53.584924,162,5.611561
-66.585714,166,5.645016
-67.356997,158,5.678568
-49.071429,167,5.714255
-59.479953,156,5.755805
-57.885714,163,5.793513
-63.448886,161,5.827596
-57.621429,179,5.865062
-57.835714,155,5.897773
-58.685714,155,5.930189
-62.212214,160,5.963386
-54.321429,158,5.997079
-60.135714,163,6.03086
-69.95,158,6.063443
-57.835714,160,6.097473
-57.935714,159,6.132566
-64.785714,166,6.167043
-57.685714,157,6.199893
-45.921429,148,6.230634
-52.585714,162,6.263958
-54.785714,159,6.317267
-56.971429,159,6.363856
-56.085714,159,6.445087
-55.735714,161,6.52444
-55.785714,160,6.637772
-50.621429,156,6.963758
-69.61203,165,7.002815
-54.565748,162,7.046685
-57.835714,157,7.082278
-63.485307,152,7.116891
-58.165043,159,7.156433
-64.735714,165,7.192982
-52.673106,159,7.24701
-51.635714,165,7.285162
-52.085714,162,7.321261
-55.640594,165,7.35846
-55.385714,158,7.393411
-55.435714,157,7.428736
-49.335714,158,7.462871
-56.124461,153,7.504189
-69.754713,162,7.546494
-63.8,159,7.582224
-63.735714,177,7.630472
-60.885714,160,7.665265
-48.821429,164,7.702446
-51.887229,155,7.737783
-53.085714,164,7.773214
-53.885714,159,7.834709
-54.885714,170,7.943228
-55.024781,157,7.984655
-47.821429,159,8.021445
-56.035714,149,8.05526
-49.385714,159,8.091531
-60.435714,154,8.125465
-56.135714,154,8.159957
-53.485714,166,8.197647
-48.671429,152,8.231648
-50.535714,159,8.26626
-51.681277,162,8.301596
-43.571429,157,8.336898
-51.121429,159,8.371284
-55.985714,153,8.403942
-56.782247,160,8.439056
-59.135714,163,8.473325
-60.707625,166,8.510277
-50.179471,166,8.552002
-63.035714,158,8.587212
-54.221429,161,8.623153
-66.835714,157,8.657207
-58.256702,162,8.692883
-57.893309,160,8.728612
-48.399506,161,8.763038
-56.274229,158,8.797974
-51.14301,154,8.832771
-41.16778,152,8.8662
-51.551879,167,8.903435
-55.285714,163,8.939636
-55.685714,160,8.974458
-53.846427,155,9.007607
-49.821429,167,9.044662
-50.704842,153,9.078613
-60.335714,156,9.111458
-59.335714,159,9.146103
-48.535714,155,9.228416
-41.321429,154,9.263508
-56.885714,153,9.298176
-54.18956,158,9.33254
-59.985714,159,9.369124
-48.921429,157,9.403448
-51.420011,161,9.43937
-54.085714,159,9.474386
-54.097764,155,9.508552
-47.885714,160,9.543534
-54.671429,160,9.580713
-52.598478,158,9.616612
-49.814943,153,9.652748
-64.035714,180,9.692466
-54.559855,160,9.727573
-50.635714,158,9.76089
-61.39719,156,9.796662
-50.147359,162,9.831965
-48.221429,160,9.867132
-52.671429,154,9.901728
-56.261554,157,9.936201
-57.721429,166,9.971919
-48.835714,162,10.010397
-51.385518,157,10.04486
-50.993264,162,10.079976
-55.435714,158,10.116337
-59.331277,200,10.159935
-53.280952,167,10.196296
-55.435714,164,10.233116
-58.966162,167,10.268935
-43.321429,155,10.302595
-55.285221,167,10.34032
-49.621429,156,10.376575
-58.485714,160,10.411737
-51.711311,151,10.445615
-56.937781,152,10.478688
-58.240706,157,10.512675
-54.623891,161,10.548451
-57.226751,153,10.581713
-52.591333,152,10.614935
-50.109298,162,10.651817
-52.906405,160,10.687381
-54.235714,163,10.725297
-59.13862,161,10.762336
-42.321429,159,10.797444
-52.735714,164,10.83268
-60.385714,163,10.868912
-58.666895,155,10.903575
-51.535714,163,10.939056
-53.035714,156,10.974055
-48.071429,157,11.009387
-47.021429,158,11.045413
-52.934671,156,11.081648
-55.435714,159,11.116535
-49.271429,165,11.15405
-53.70167,164,11.190006
-48.171429,163,11.225795
-34.571429,200,11.271335
-57.085714,162,11.306646
-51.871429,158,11.341383
-56.085714,165,11.378576
-51.221429,155,11.412107
-49.695886,161,11.450185
-54.885714,153,11.484448
-38.051062,165,11.521469
-32.721429,200,11.5661
-47.035714,157,11.601814
-50.971429,163,11.638161
-44.871429,163,11.673594
-42.421429,163,11.711237
-47.635714,185,11.75148
-49.563986,158,11.787549
-50.985714,157,11.824688
-50.435714,166,11.86134
-46.620576,161,11.897722
-50.209424,159,11.9332
-51.663232,162,11.969255
-43.685714,150,12.003415
-49.035714,157,12.037839
-53.535714,164,12.074231
-54.435714,161,12.111111
-49.714098,166,12.147757
-44.921429,156,12.184376
-55.198135,157,12.220434
-47.735714,170,12.258969
-47.425365,157,12.294145
-52.571429,158,12.33145
-49.835714,152,12.366033
-49.971429,156,12.401374
-48.285714,165,12.438996
-48.499579,166,12.476016
-43.321429,156,12.51099
-42.952491,162,12.549998
-46.885714,157,12.585426
-41.543472,160,12.62156
-39.258446,168,12.660216
-42.185714,162,12.696789
-41.485714,168,12.734538
-40.271429,174,12.774422
-45.580933,163,12.811009
-54.621429,159,12.847412
-41.971429,197,12.891843
-48.535714,164,12.931256
-46.235714,155,12.966765
-40.159056,159,13.002465
-49.985714,164,13.039392
-47.171429,163,13.07664
-47.235714,162,13.114146
-40.530508,167,13.151905
-38.259223,167,13.19095
-36.870923,168,13.228906
-49.074767,154,13.26408
-38.185714,162,13.303076
-41.427521,163,13.340404
-37.292028,180,13.382264
-45.335714,167,13.419647
-38.964518,161,13.455296
-44.084548,161,13.492144
-51.635714,164,13.528649
-42.363374,168,13.56672
-41.545659,156,13.603104
-53.721429,155,13.638189
-41.883857,179,13.680743
-42.885714,156,13.716692
-44.985714,163,13.752994
-43.308038,162,13.790547
-36.050559,158,13.827877
-42.907143,194,13.873022
-43.35297,170,13.912408
-44.879516,167,13.951117
-41.98389,159,13.987117
-40.016485,156,14.023697
-44.435714,160,14.062209
-40.955136,165,14.10036
-48.54008,172,14.14005
-37.795669,182,14.182378
-51.401958,166,14.220294
-40.14354,156,14.256394
-44.014295,197,14.301356
-38.728082,196,14.347565
-41.000598,158,14.385506
-48.181239,159,14.422121
-40.81497,157,14.460421
-59.600206,159,14.496894
-58.243411,156,14.532437
-43.429585,163,14.570562
-37.014586,169,14.609715
-49.838324,159,14.646416
-42.694322,185,14.68902
-43.958375,156,14.7244
-42.14217,163,14.761872
-45.508321,165,14.800556
-50.715325,153,14.837162
-37.129728,164,14.875543
-44.657143,158,14.911751
-47.424995,158,14.948278
-52.483049,163,14.986888
-51.756552,155,15.022322
-48.364447,165,15.060983
-46.721429,160,15.098601
-49.773348,157,15.134164
-43.171429,163,15.171489
-38.762161,161,15.211569
-32.087872,200,15.257837
-49.355175,164,15.296401
-38.462797,162,15.334037
-49.271429,160,15.370952
-44.907143,165,15.41032
-47.471429,167,15.448341
-45.120919,161,15.486363
-44.579324,148,15.52195
-50.706934,160,15.559302
-51.504379,163,15.599455
-40.935996,171,15.639236
-48.627647,156,15.674551
-48.521429,159,15.713215
-43.571429,163,15.751256
-46.005601,155,15.786973
-53.666524,155,15.82395
-49.491623,154,15.859868
-45.582027,158,15.895884
-42.121429,160,15.934251
-41.704859,165,15.974541
-44.621429,155,16.01176
-41.271429,159,16.048933
-38.221429,161,16.086692
-44.221429,166,16.1258
-41.021429,157,16.162244
-41.253763,184,16.205003
-44.825813,150,16.240926
-46.787108,161,16.278359
-57.371429,155,16.31397
-48.721429,152,16.352668
-51.171429,162,16.390706
-44.221429,160,16.427927
-41.419245,157,16.46632
-42.221429,163,16.504307
-47.005652,160,16.542164
-45.71607,153,16.57787
-42.607143,163,16.616191
-37.321429,162,16.655077
-48.221429,161,16.692924
-44.921429,155,16.730784
-44.571429,161,16.769931
-42.821429,153,16.805244
-39.021429,157,16.842283
-36.021429,162,16.881409
-41.571429,162,16.919293
-44.587153,160,16.95648
-39.671429,156,16.993906
-39.421429,161,17.032321
-38.871429,158,17.069943
-39.271429,159,17.108539
-41.171429,155,17.144661
-35.521429,162,17.183321
-37.171429,155,17.220123
-43.771429,156,17.256223
-40.471429,161,17.294425
-38.171429,162,17.332488
-39.121429,161,17.370459
-42.671429,157,17.408201
-46.696686,158,17.445461
-42.971429,158,17.485716
-42.221429,154,17.521642
-46.021429,166,17.560583
-43.771429,159,17.599079
-42.321429,159,17.636631
-45.671429,163,17.675079
-43.921429,152,17.711556
-51.071429,165,17.750688
-42.621429,160,17.788658
-46.821429,157,17.82683
-42.121429,151,17.86369
-40.771429,163,17.903547
-38.071429,163,17.942162
-41.421429,162,17.980245
-37.771429,163,18.019717
-41.321429,161,18.057436
-39.271429,158,18.095524
-41.583059,162,18.134752
-38.121429,159,18.172377
-43.321429,167,18.213522
-41.471429,164,18.254739
-40.771429,164,18.293653
-37.715353,163,18.333567
-43.621429,156,18.370339
-42.921429,167,18.409678
-32.074178,160,18.448591
-41.371429,159,18.486484
-45.421429,166,18.525596
-43.895561,161,18.564708
-37.75124,159,18.603119
-44.321429,160,18.643904
-43.921429,169,18.684173
-42.657143,155,18.72062
-38.657143,161,18.76049
-43.475351,157,18.797572
-46.221429,162,18.836637
-38.707143,161,18.875476
-36.021429,165,18.915118
-37.321429,166,18.955783
-43.571429,156,18.993344
-42.057143,164,19.034165
-26.030254,200,19.083405
-45.021429,166,19.123134
-37.391874,164,19.163482
-23.821429,200,19.211336
-19.715404,200,19.259884
-39.920106,192,19.306714
-44.721429,162,19.346168
-46.521429,159,19.386012
-33.839563,179,19.428984
-30.662506,180,19.473852
-27.552774,200,19.523174
-36.464059,200,19.571665
-57.505982,175,19.617241
-32.814941,172,19.658158
-37.371429,161,19.697962
-59.087316,179,19.741115
-59.171429,159,19.779901
-50.662869,164,19.820541
-59.474806,164,19.860453
-28.850857,164,19.903262
-24.729541,200,19.951428
-20.028434,200,19.99936
-36.235714,161,20.039368
-30.399416,151,20.076292
-20.11377,200,20.125563
-58.3,158,20.163657
-35.725483,158,20.202357
-55.15,155,20.240519
-34.782367,165,20.281356
-32.500792,158,20.322047
-21.957432,200,20.370936
-40.931594,155,20.408133
-35.007427,157,20.447302
-16.44961,200,20.496132
-29.995097,165,20.537314
-32.996344,162,20.577597
-64.245493,161,20.616138
-14.793216,200,20.665569
-30.982655,165,20.7056
-27.767141,165,20.749113
-29.846165,158,20.787534
-31.729084,162,20.827259
-28.799679,153,20.865297
-29.381539,200,20.91378
-27.953564,156,20.952388
-39.570393,157,20.990626
-39.926139,161,21.030863
-39.696576,160,21.071084
-38.160887,158,21.109987
-31.467603,158,21.149925
-24.745814,166,21.191949
-48.603692,200,21.240002
-49.086589,161,21.28052
-36.553094,168,21.321406
-33.853136,173,21.363664
-28.231071,200,21.413179
-39.895441,160,21.452368
-25.427892,200,21.502458
-29.390167,163,21.542449
-33.692119,160,21.583287
-48.500307,200,21.632409
-56.558941,163,21.672319
-19.775219,200,21.722693
-36.78243,163,21.763162
-44.459838,159,21.802289
-26.882191,200,21.851509
-38.671429,155,21.88972
-24.889948,200,21.93906
-33.512176,160,21.978752
-34.604071,156,22.020146
-23.648222,200,22.069043
-37.114689,165,22.109148
-24.169961,200,22.159183
-37.271429,160,22.198771
-43.821429,158,22.238825
-37.771429,159,22.278285
-39.121429,166,22.31864
-37.421429,159,22.358392
-32.200837,169,22.40014
-34.631597,164,22.443452
-36.109029,165,22.484001
-38.460171,165,22.52531
-38.82185,153,22.564117
-34.69639,168,22.605515
-33.319746,177,22.650054
-34.452396,160,22.690564
-37.075253,164,22.73155
-39.237199,163,22.773301
-48.637484,163,22.813942
-31.821429,163,22.856585
-32.662079,155,22.895188
-33.492911,161,22.934966
-35.090599,165,22.977582
-30.909302,162,23.017644
-15.271429,200,23.068187
-37.478744,173,23.111267
-29.764685,171,23.153841
-30.756429,165,23.195641
-32.983442,191,23.243362
-35.493221,151,23.28369
-19.912028,200,23.334157
-42.971429,200,23.384648
-47.962,153,23.422815
-17.938248,200,23.472784
-3.003212,200,23.527367
-38.531853,162,23.570887
-18.812426,200,23.622166
-17.457143,200,23.671673
-49.671429,189,23.719092
-32.121429,152,23.758699
-35.008528,162,23.798891
-35.371429,188,23.846417
-19.14588,200,23.896203
-7.410925,200,23.946834
-39.567789,193,23.995403
-34.79817,194,24.044262
-26.221429,164,24.084926
-31.321429,162,24.126334
-36.761891,164,24.167043
-13.480151,200,24.218664
-37.371429,157,24.258587
-35.057143,162,24.298715
-59.971429,167,24.341559
-55.471429,159,24.382962
-17.957143,200,24.432439
-30.571429,194,24.481413
-38.342086,156,24.520365
-35.507143,157,24.560801
-37.121429,159,24.59986
-37.121429,156,24.640788
-35.414521,159,24.681571
-29.429493,157,24.720248
-39.221429,161,24.761473
-40.005015,187,24.808202
-27.421429,187,24.854855
-29.050171,199,24.90566
-36.721429,161,24.945464
-33.421429,159,24.986021
-13.379632,200,25.036089
-19.659469,200,25.090768
-20.721429,200,25.141299
-28.963409,178,25.186707
-37.846988,162,25.227696
-19.213413,200,25.277313
-31.77032,200,25.328091
-35.063235,157,25.366924
-31.127061,157,25.407058
-32.416135,157,25.446563
-11.126203,200,25.502771
-29.514971,159,25.543435
-3.397616,200,25.593588
-45.168702,164,25.635808
-31.571522,170,25.678804
-38.942957,182,25.724574
-28.441323,167,25.76617
-65.756604,166,25.807957
-26.457143,196,25.857801
-26.585408,195,25.905952
-36.167667,156,25.952436
-32.696072,161,25.995011
-34.649618,200,26.045927
-38.171429,158,26.085121
-32.28676,200,26.14464
-30.707143,158,26.184546
-32.545098,170,26.226968
-34.507143,161,26.268055
-28.678868,160,26.314634
-33.21464,171,26.360174
-21.190833,200,26.410806
-38.676563,166,26.455761
-27.69204,161,26.509514
-43.173109,198,26.562402
-39.897467,156,26.603018
-19.465666,200,26.656308
-32.561753,178,26.702322
-8.164142,200,26.752246
-16.516318,200,26.803128
-6.298358,200,26.856094
-20.496384,200,26.907299
-14.794463,200,26.965489
-23.355862,200,27.016632
-27.052237,199,27.066662
-29.96647,170,27.109964
-13.967965,200,27.160036
-21.211901,155,27.199818
-12.277162,200,27.2769
-27.260497,164,27.318824
-29.73413,167,27.360353
-4.843498,200,27.411369
-8.175292,200,27.462882
-23.788145,158,27.502879
-33.40732,184,27.548603
-17.016985,200,27.598712
-7.824045,200,27.649252
-18.913836,200,27.699174
-27.236241,198,27.749235
-19.79626,166,27.79041
-4.266002,200,27.840716
-24.140866,163,27.881416
-27.441541,154,27.922402
-29.568662,161,27.962507
-18.873422,200,28.012617
-44.602366,153,28.051612
-50.320588,158,28.090348
-38.624165,153,28.129509
-25.876015,200,28.179415
-40.557143,162,28.219254
-27.017582,180,28.264838
-23.881268,200,28.314533
-25.83328,186,28.363474
-36.350972,150,28.400168
-36.963714,160,28.440067
-15.804513,200,28.490827
-25.029939,198,28.540281
-21.560078,195,28.589061
-16.161599,200,28.638439
-34.371429,160,28.679312
-35.639157,158,28.718811
-22.551828,200,28.769387
-23.710238,198,28.820307
-6.934189,200,28.888027
-26.384859,196,28.982496
-36.753461,197,29.05549
-21.494364,197,29.120408
-25.712226,182,29.180488
-11.747512,200,29.236358
-22.679595,200,29.293379
-19.848232,200,29.349259
-20.465574,200,29.417517
-21.179966,200,29.490338
-23.034544,200,29.550632
-25.307143,197,29.61816
-34.469371,187,29.6734
-17.855057,200,29.730181
-28.380734,169,29.778642
-35.807143,159,29.818677
-39.271429,163,29.867675
-23.729955,199,29.918484
-35.057143,161,29.967232
-40.279667,196,30.019369
-6.857143,200,30.07404
-22.557143,200,30.13312
-36.657143,165,30.175224
-31.718023,172,30.218479
-35.707143,160,30.259633
-23.107143,200,30.309734
-35.857143,161,30.35104
-13.557143,200,30.40092
-30.607143,162,30.44077
-50.707143,159,30.483585
-36.835915,159,30.523168
-35.007143,160,30.564806
-35.757143,166,30.606822
-31.417775,172,30.649913
-34.107143,159,30.69058
-35.257143,164,30.731335
-36.357143,163,30.771845
-35.007143,163,30.813679
-34.607143,153,30.856888
-37.357143,164,30.900541
-33.921429,173,30.944766
-34.357143,162,30.995125
-35.907143,161,31.039882
-36.607143,158,31.091366
-36.057143,162,31.133445
-36.857143,167,31.175357
-42.971429,162,31.216538
-24.872502,200,31.266842
-44.035714,163,31.307996
-34.167683,180,31.355033
-35.662071,190,31.401851
-35.464358,157,31.441653
-30.292016,189,31.491121
-35.407143,160,31.53332
-34.376026,157,31.573374
-33.057761,195,31.624174
-40.171429,166,31.667302
-47.271429,198,31.716732
-31.221429,165,31.759271
-31.771429,192,31.809274
-31.907143,167,31.851795
-30.910276,200,31.901326
-12.771766,200,31.952386
-32.471429,166,31.993588
-38.303599,151,32.031379
-43.235714,158,32.071092
-28.67998,156,32.109529
-15.621429,200,32.15993
-29.683072,166,32.201176
-32.521429,158,32.241989
-14.724753,200,32.292559
-31.991722,165,32.333913
-18.593844,200,32.384465
-12.521429,200,32.434342
-13.594871,200,32.484869
-37.394549,160,32.524921
-25.68652,162,32.565861
-44.135714,159,32.605684
-40.551574,160,32.645248
-32.365807,159,32.688128
-36.986738,154,32.726139
-40.796136,190,32.774315
-30.353034,160,32.814524
-26.671429,200,32.864296
-40.485714,154,32.903158
-58.783595,157,32.942046
-35.821429,163,32.983442
-40.235714,164,33.024482
-52.766726,160,33.064204
-32.121429,189,33.114254
-28.994493,163,33.154913
-12.471429,200,33.205431
-51.073257,158,33.245088
-37.911948,156,33.284125
-8.970745,200,33.334488
-36.820207,159,33.37347
-58.85,150,33.411644
-0.520543,200,33.461168
-36.623597,156,33.500277
-41.240287,170,33.544934
-12.656807,200,33.595544
-59.65,149,33.633878
-58.5,155,33.671972
-60.4,162,33.712401
-37.934346,161,33.753334
-65.9,155,33.791615
-33.386982,180,33.837554
-28.539196,171,33.880332
-20.118858,200,33.930769
-37.056673,186,33.978274
-44.704894,200,34.029101
-3.463264,200,34.07903
-55.8,151,34.116624
-10.8394,200,34.167161
-54.55,157,34.206231
-32.860786,200,34.25922
-23.858761,200,34.308885
-35.207143,194,34.359389
-28.657143,200,34.410128
-20.232352,200,34.46295
-12.543531,200,34.512908
-35.171429,158,34.552847
-23.321429,200,34.602823
-16.743443,200,34.654114
-17.199846,200,34.70453
-27.669216,200,34.754028
-18.307143,200,34.804641
-55.515222,163,34.845489
-17.606679,200,34.89652
-12.355701,200,34.948288
-39.033987,200,34.999169
-40.585714,158,35.038711
-1.757143,200,35.08988
-42.999037,152,35.127645
-12.822291,200,35.178012
-47.687188,160,35.217976
-2.407143,200,35.268082
-15.808762,200,35.3194
-1.721008,200,35.369208
-3.057143,200,35.421929
-17.520843,200,35.47162
-17.32943,200,35.522685
-38.857143,169,35.566577
-0.86024,200,35.618173
-2.188171,200,35.668033
-48.847371,166,35.710071
-44.573726,156,35.748878
-6.502676,200,35.798975
-3.935092,200,35.849689
-12.510275,200,35.901896
-0.525492,200,35.952653
-49.257143,155,35.991237
-20.257143,200,36.042217
-1.307143,200,36.092285
-21.655153,200,36.143316
-6.007143,200,36.193353
-19.050356,200,36.244013
-2.435374,200,36.294028
-8.577583,200,36.34466
-7.068929,200,36.396727
-21.729075,200,36.44721
-6.797329,200,36.496867
-6.357143,200,36.548124
-17.800624,200,36.598036
-5.757143,200,36.648725
-32.564644,147,36.685423
-5.157289,200,36.735193
-14.171429,200,36.786181
-13.743008,200,36.836156
-0.899468,200,36.888572
-3.821169,200,36.938359
-1.119586,200,36.989459
-1.457143,200,37.038965
-3.490307,200,37.09013
-3.896914,200,37.140204
2.905804,200,37.191442
0.672756,200,37.241405
-4.680034,200,37.292055
-4.534461,200,37.341899
-25.948237,157,37.384048
-7.695058,200,37.433866
-14.698633,200,37.484053
-0.093813,200,37.533922
-1.56862,200,37.584713
-10.934105,200,37.634495
-9.601197,200,37.684397
-1.107143,200,37.735026
-9.860864,200,37.785164
-0.190847,200,37.840371
-4.151383,200,37.891901
-14.818282,200,37.942743
-32.361118,164,37.985154
-1.249749,200,38.036277
-4.487955,200,38.086755
-2.457873,200,38.137426
-21.754743,200,38.186968
-6.40553,200,38.237609
-1.499998,200,38.286996
-2.579382,200,38.33802
-3.909857,200,38.389646
-2.751295,200,38.440544
1.261138,200,38.490199
-2.569346,200,38.540909
3.208641,200,38.591174
-0.419759,200,38.640716
-4.57133,200,38.691499
1.611804,200,38.741715
-4.231273,200,38.792601
-18.911974,200,38.845304
-0.407722,200,38.901112
-3.236909,200,38.951651
-3.562177,200,39.003194
-8.650051,200,39.053329
-9.15942,200,39.104692
-18.042353,200,39.154453
-39.630152,166,39.196596
-1.67775,200,39.246835
0.759886,200,39.297793
-1.637186,200,39.347901
-2.873199,200,39.401597
-4.948578,200,39.451747
-26.024419,200,39.502859
-1.03271,200,39.552626
-2.349935,200,39.604111
0.099554,200,39.653799
-16.738649,200,39.70427
-10.671271,200,39.754195
-10.93368,200,39.805065
-4.335502,200,39.854886
-16.494574,200,39.907491
-16.69765,200,39.964181
-1.149157,200,40.034706
-8.125423,200,40.086504
-19.083375,200,40.13808
-15.309876,200,40.18829
-9.995354,200,40.239294
-0.982653,200,40.289292
-13.387884,200,40.340112
-6.829632,200,40.389856
-14.183882,200,40.442219
-11.416846,200,40.492237
-1.240578,200,40.543062
-10.729914,200,40.592744
-2.884694,200,40.643364
-41.121429,167,40.684825
-1.904275,200,40.734646
-3.817952,200,40.785168
-10.314529,200,40.835462
3.854579,200,40.886873
-2.803232,200,40.938736
5.443065,200,40.989667
-2.886432,200,41.039666
2.47604,200,41.090755
-5.62525,200,41.140831
2.11354,200,41.191623
2.466801,200,41.241774
-7.357143,200,41.29273
-2.271893,200,41.342737
-17.457143,200,41.393869
-6.523396,200,41.445499
-2.777559,200,41.495989
-3.066163,200,41.545877
-0.335746,200,41.596171
-0.821313,200,41.646616
-16.821076,200,41.697182
3.234147,200,41.747059
0.807931,200,41.796874
-22.986297,200,41.847914
-0.281102,200,41.897978
2.292184,200,41.950596
-1.246493,200,42.000338
2.774276,200,42.051386
2.861771,200,42.101228
-12.792734,200,42.152396
3.524854,200,42.20202
3.633924,200,42.253209
5.292557,200,42.30315
1.608204,200,42.353878
2.05172,200,42.403974
2.190875,200,42.456681
6.108467,200,42.506862
-7.307143,200,42.557621
-41.121429,166,42.599305
1.769085,200,42.650674
5.01019,200,42.700588
-11.226834,200,42.750469
3.084656,200,42.801288
3.571313,200,42.85121
-2.284634,200,42.902448
-5.214473,200,42.954412
-0.020381,200,43.005242
1.292921,200,43.05498
3.726429,200,43.106455
-46.697097,157,43.145188
-16.916039,200,43.196815
-0.93394,200,43.246797
-19.360401,200,43.297589
-1.346325,200,43.34744
-3.990129,200,43.398193
-5.261099,200,43.450045
-2.896639,200,43.50086
-4.58479,200,43.550787
-39.480964,159,43.590604
-44.810902,193,43.639629
-59.7,157,43.678963
-4.022315,200,43.729887
3.075568,200,43.77995
-7.35678,200,43.83056
-14.947947,200,43.880449
-9.952031,200,43.933637
-2.39942,200,43.983207
2.716957,200,44.034202
-4.633211,200,44.084016
-1.201603,200,44.134856
-15.843744,200,44.184764
-49.468679,199,44.235705
-18.490965,200,44.285822
-0.019817,200,44.336746
-4.882929,200,44.387845
-2.908967,200,44.440724
-2.684613,200,44.490562
-9.155771,200,44.540533
0.007183,200,44.591379
1.785035,200,44.641463
3.869853,200,44.692446
3.295865,200,44.742269
2.622364,200,44.792947
2.187807,200,44.842983
-0.537789,200,44.893751
2.479206,200,44.945499
5.296764,200,44.996361
3.617363,200,45.046386
4.233946,200,45.097419
-2.12832,200,45.147066
3.341065,200,45.198304
4.494021,200,45.248524
-1.119222,200,45.299577
1.645542,200,45.349396
2.047197,200,45.400704
3.457671,200,45.452553
2.785813,200,45.50359
-1.337493,200,45.553797
3.793817,200,45.60492
1.982785,200,45.655068
-3.317254,200,45.70544
0.64163,200,45.756137
2.661369,200,45.806052
-1.095278,200,45.856755
-21.765094,200,45.906838
2.564168,200,45.959961
-1.911378,200,46.009735
-3.693219,200,46.060736
1.64605,200,46.110112
-2.138793,200,46.161495
-50.835714,158,46.201101
-3.775452,200,46.252235
-0.835796,200,46.302223
3.142019,200,46.353104
-1.597722,200,46.403026
-12.506491,200,46.455621
-16.492265,200,46.505481
-2.921362,200,46.556664
1.712152,200,46.606673
0.589308,200,46.657239
-18.436801,200,46.707299
5.234768,200,46.757408
0.657353,200,46.808234
-3.683046,200,46.857855
4.725728,200,46.90843
-5.386755,200,46.960101
-6.83123,200,47.010968
-6.520256,200,47.060921
1.025565,200,47.111857
-3.915545,200,47.161802
-13.032187,200,47.212842
0.596398,200,47.262756
2.669736,200,47.313855
0.987311,200,47.364048
-0.249688,200,47.41514
1.49729,200,47.467291
-0.474041,200,47.517775
2.366417,200,47.567933
2.14751,200,47.619033
-0.397552,200,47.668941
1.991942,200,47.71987
-0.587619,200,47.769904
-1.124123,200,47.820723
-17.318366,200,47.870477
2.196985,200,47.92046
-3.953867,200,47.973335
0.594471,200,48.023474
4.005808,200,48.074744
-0.294381,200,48.124619
1.537086,200,48.175532
-0.065659,200,48.225396
-1.009195,200,48.276277
0.930642,200,48.325831
2.707482,200,48.376782
-7.240439,200,48.426853
-1.911719,200,48.480282
-6.446303,200,48.530447
-13.03327,200,48.581079
-7.836084,200,48.630788
1.48141,200,48.681243
4.475357,200,48.731614
1.921389,200,48.782366
-9.945095,200,48.832638
-37.208449,200,48.883621
-20.032773,200,48.933971
-14.187683,200,48.986153
-18.490453,200,49.036241
0.331228,200,49.087101
1.932279,200,49.137266
-0.472695,200,49.188112
-12.343104,200,49.239917
-1.166627,200,49.290158
-1.318796,200,49.369707
-9.868192,200,49.421072
2.650998,200,49.47136
1.168606,200,49.524195
3.415549,200,49.574378
5.913639,200,49.625344
2.260163,200,49.675445
0.084852,200,49.726205
-9.583723,200,49.776504
1.919738,200,49.827485
-11.009209,200,49.87726
-0.337481,200,49.927035
-14.705025,200,49.977994
-10.207765,200,50.030205
-0.061615,200,50.080817
-12.730301,200,50.130527
1.969825,200,50.181521
-4.207363,200,50.231317
-0.224746,200,50.282302
-0.179161,200,50.332273
1.939217,200,50.382927
1.546536,200,50.432645
-1.570285,200,50.483313
-1.86652,200,50.535261
-39.356633,200,50.586066
-7.193169,200,50.635823
0.939333,200,50.686693
1.752104,200,50.736648
2.643747,200,50.787598
-1.057193,200,50.837112
-4.531102,200,50.887936
2.478573,200,50.937577
-12.670738,200,50.987721
2.393618,200,51.039486
1.347248,200,51.088929
-0.996926,200,51.139563
2.15738,200,51.189396
-2.088883,200,51.240258
2.552077,200,51.29025
3.724017,200,51.340928
4.869771,200,51.390603
-2.598382,200,51.441608
-4.347487,200,51.491041
1.166676,200,51.543769
2.228969,200,51.593527
6.651869,200,51.644538
2.680511,200,51.694656
1.742857,200,51.745676
-1.627164,200,51.795862
-4.921206,200,51.846197
0.531472,200,51.896316
-4.694192,200,51.947102
-3.737216,200,51.997042
-2.908913,200,52.04995
1.105422,200,52.099893
4.483811,200,52.150842
3.246077,200,52.200936
-0.267262,200,52.251783
-1.461548,200,52.302039
5.394017,200,52.351925
1.695509,200,52.402643
2.496699,200,52.452378
5.199296,200,52.503416
4.830233,200,52.555785
-37.137647,162,52.597114
0.947747,200,52.646761
3.650125,200,52.69762
-2.217106,200,52.746945
-2.958727,200,52.797819
2.897859,200,52.847847
1.0238,200,52.898756
-0.668101,200,52.94881
-12.307143,200,52.999072
-2.035715,200,53.050721
4.061903,200,53.102255
-1.615324,200,53.151862
-3.557143,200,53.202252
0.362381,200,53.252309
-2.519197,200,53.30311
3.589928,200,53.353213
3.58483,200,53.402972
-16.917537,200,53.454247
-1.859806,200,53.504305
-0.812488,200,53.556659
-1.673407,200,53.606881
6.821277,200,53.657718
5.916813,200,53.707837
0.19274,200,53.758735
2.251351,200,53.808733
2.196589,200,53.859943
-12.387632,200,53.910284
3.882574,200,53.961337
2.942857,200,54.011152
2.592857,200,54.063762
4.053356,200,54.113921
-12.736858,200,54.164519
-3.156464,200,54.214325
5.02605,200,54.265171
3.143575,200,54.315191
-27.487476,158,54.356284
5.018047,200,54.408671
3.692563,200,54.458836
1.094164,200,54.509881
0.24077,200,54.561491
-0.632148,200,54.612592
3.272623,200,54.662543
-11.455644,200,54.713467
-1.373321,200,54.763356
-15.878892,200,54.814147
-9.541061,200,54.864404
-8.012647,200,54.915214
-17.685394,200,54.965023
-41.799591,157,55.005521
-14.42516,200,55.057064
-18.984301,200,55.10819
-25.757143,200,55.158412
-21.907143,200,55.209261
0.4573,200,55.259793
-22.407143,200,55.310005
0.875572,200,55.361169
-8.757143,200,55.411021
-3.981045,200,55.461737
-9.857143,200,55.511276
1.409808,200,55.563852
-3.557143,200,55.613846
-1.336246,200,55.664537
-4.857143,200,55.714427
-20.257143,200,55.765054
1.777052,200,55.814869
-9.352398,200,55.865954
-10.707143,200,55.915332
0.40413,200,55.96621
-0.557143,200,56.01598
-3.260054,200,56.068889
-58.05,163,56.10925
0.483137,200,56.159646
-2.069739,200,56.209504
-16.785963,200,56.260285
-3.114676,200,56.309919
1.128074,200,56.360097
-17.757143,200,56.411076
1.092857,200,56.461129
-4.456712,200,56.511862
-6.490121,200,56.563391
-3.707143,200,56.614849
0.904186,200,56.665066
-1.007143,200,56.716103
0.363939,200,56.765556
1.366234,200,56.816566
-7.714057,200,56.866928
-3.557531,200,56.917513
-0.107143,200,56.967612
-0.857143,200,57.018117
-0.231207,200,57.069949
-0.957143,200,57.120987
-5.985937,200,57.171114
-0.279528,200,57.222256
-2.907143,200,57.272327
-11.48898,200,57.322784
-10.736863,200,57.372734
-10.457143,200,57.423608
-18.769441,200,57.473487
-2.357143,200,57.523981
-22.666399,155,57.564641
-29.160694,197,57.613474
-19.13808,200,57.663865
-11.986227,200,57.713865
-8.602636,200,57.764521
-2.440155,200,57.814043
-0.507143,200,57.864953
-0.875563,200,57.91501
-13.549498,200,57.966088
-11.667121,200,58.015982
-13.042312,200,58.068264
3.343484,200,58.118581
-10.844424,200,58.169436
1.9914,200,58.219424
6.839145,200,58.270446
2.286166,200,58.320501
0.18179,200,58.371329
4.475998,200,58.421399
3.703818,200,58.472081
-8.763802,200,58.522188
-12.626783,200,58.573717
3.298631,200,58.624585
5.858481,200,58.674759
0.512665,200,58.725977
-2.240429,200,58.775888
-17.72298,167,58.818791
1.197346,200,58.868774
0.284933,200,58.92
2.285801,200,58.970012
-0.734172,200,59.020825
5.240285,200,59.072689
-3.935429,200,59.123629
4.660565,200,59.173811
3.840994,200,59.224571
-3.352401,200,59.274556
3.001024,200,59.325376
1.540536,200,59.376415
2.907407,200,59.428487
-21.64407,155,59.467906
1.668049,200,59.517759
2.612966,200,59.570654
-11.732795,200,59.620628
0.554796,200,59.671851
1.009423,200,59.721432
-9.325414,200,59.77243
-11.031053,200,59.82249
0.178855,200,59.873445
-1.245746,200,59.923215
2.139997,200,59.974022
4.54067,200,60.024062
-2.453489,200,60.077002
5.548528,200,60.126816
2.277485,200,60.178208
0.810776,200,60.228246
3.215,200,60.279391
-0.328895,200,60.329181
3.562092,200,60.380325
0.931924,200,60.430627
3.289619,200,60.481528
2.80909,200,60.531555
2.413559,200,60.583455
2.586454,200,60.634366
-1.773062,200,60.684335
3.589486,200,60.735274
5.038119,200,60.785489
0.07998,200,60.839987
-2.987181,200,60.891235
2.518521,200,60.942598
-1.478227,200,60.992231
1.925582,200,61.043134
-1.876907,200,61.094747
-1.135651,200,61.144959
5.110707,200,61.195975
3.143895,200,61.246876
0.023886,200,61.296752
3.922007,200,61.347784
2.334374,200,61.397514
-2.306239,200,61.448616
5.236734,200,61.498485
4.456006,200,61.549309
0.434699,200,61.600961
3.631707,200,61.651954
6.056813,200,61.702281
2.41178,200,61.753337
0.900002,200,61.803058
2.401471,200,61.853846
-0.408351,200,61.90327
2.325966,200,61.953493
-7.338973,200,62.004055
6.781775,200,62.053738
-2.93078,200,62.106228
-10.843564,200,62.156025
1.146502,200,62.207405
1.393085,200,62.257591
1.859186,200,62.308223
3.394453,200,62.358009
-2.971398,200,62.408687
-3.39873,200,62.459099
0.530701,200,62.510132
-7.992291,200,62.559981
-1.507143,200,62.612682
-4.528183,200,62.662466
-0.480751,200,62.713771
3.64365,200,62.764157
0.310467,200,62.814896
1.006317,200,62.864844
4.534516,200,62.916022
1.81315,200,62.966302
1.20153,200,63.017094
3.157602,200,63.066774
2.20145,200,63.11938
-4.034012,200,63.169434
3.885596,200,63.219423
3.0484,200,63.270334
-4.225276,200,63.319936
-0.740076,200,63.37093
2.157004,200,63.420888
-3.43003,200,63.471923
3.353594,200,63.521795
4.482309,200,63.572626
4.078425,200,63.624744
4.622098,200,63.675855
4.743089,200,63.726352
0.722032,200,63.777476
3.231207,200,63.827572
-2.547668,200,63.87829
4.443799,200,63.928409
-1.975776,200,63.97925
-11.211643,200,64.028768
2.010818,200,64.07967
13.577726,200,64.13188
0.41872,200,64.182758
-3.186934,200,64.233256
-0.898262,200,64.283773
-5.880073,200,64.333668
-0.398424,200,64.385378
-14.449545,200,64.436171
-0.294406,200,64.487128
-13.538664,200,64.537159
4.508096,200,64.587136
-3.530899,200,64.640162
5.113713,200,64.690279
-2.296339,200,64.741903
2.268733,200,64.791797
-2.046827,200,64.842694
-1.257143,200,64.892376
7.384329,200,64.943379
2.437596,200,64.993731
3.157867,200,65.044728
1.092857,200,65.094647
7.186642,200,65.147515
-0.334982,200,65.19779
4.821373,200,65.249165
3.902385,200,65.299352
-2.215052,200,65.349951
9.498585,200,65.400828
0.548828,200,65.451865
15.596484,200,65.502544
7.94394,200,65.55652
1.390442,200,65.609362
11.858966,200,65.664723
2.701685,200,65.715362
-1.941059,200,65.766714
-1.297756,200,65.816906
11.807143,200,65.86788
7.477226,200,65.917878
10.351736,200,65.968835
1.750287,200,66.019358
9.240564,200,66.069897
10.373061,200,66.120053
0.963546,200,66.172263
5.612687,200,66.223545
2.914552,200,66.273716
13.365959,200,66.324802
8.465825,200,66.374567
-1.432225,200,66.425768
4.3844,200,66.47638
1.756442,200,66.527833
0.537303,200,66.577882
-21.99934,160,66.619443
-0.507143,200,66.67266
-34.161147,157,66.714367
14.339635,200,66.765025
-0.809957,200,66.816246
0.619793,200,66.865719
-8.314694,200,66.916709
-8.952467,200,66.966899
-5.243621,200,67.018243
5.78044,200,67.068001
-5.784176,200,67.118943
-6.667551,200,67.170248
-37.165908,200,67.22055
12.715513,200,67.272026
-1.260754,200,67.322015
0.549722,200,67.372905
-2.250425,200,67.422436
1.273657,200,67.473581
1.831084,200,67.523836
-23.126794,164,67.565786
13.76576,200,67.6155
-0.769705,200,67.668
4.767446,200,67.717889
-22.3469,163,67.7598
-39.658794,158,67.800732
-1.291049,200,67.851937
12.814585,200,67.903248
15.927139,200,67.953413
-9.663402,200,68.004479
2.511399,200,68.055008
14.303116,200,68.105729
0.830587,200,68.157419
3.834431,200,68.20812
16.456034,200,68.258125
13.757489,200,68.309471
1.639218,200,68.359358
-5.378056,200,68.410352
12.15282,200,68.460041
-3.675906,200,68.510854
-8.101636,200,68.561075
12.754145,200,68.611882
10.159613,200,68.663481
-7.160785,200,68.714257
11.905114,200,68.764137
11.411221,200,68.815798
1.595013,200,68.87403
-3.119102,200,68.92613
4.874652,200,68.976805
10.004206,200,69.028825
-16.232689,200,69.079144
0.532693,200,69.130538
12.192203,200,69.182226
0.996226,200,69.233422
-24.22748,200,69.283834
-10.158109,200,69.335161
1.415435,200,69.38583
2.530061,200,69.436556
13.646298,200,69.487535
-22.68469,200,69.537824
10.313136,200,69.589104
-1.289985,200,69.639044
8.039456,200,69.69151
11.315063,200,69.741507
-9.535623,200,69.792322
10.657143,200,69.848221
-4.571093,200,69.899694
-2.994585,200,69.950026
-52.571429,164,69.992335
11.459385,200,70.042661
11.507143,200,70.093998
13.886255,200,70.14422
-33.106453,163,70.187508
-21.907143,200,70.23796
-26.557143,158,70.277646
-43.301741,161,70.318985
-14.637224,200,70.36931
13.191786,200,70.420238
-38.578111,157,70.459521
14.248715,200,70.510903
7.616625,200,70.561269
-46.657143,164,70.60331
-38.957143,167,70.646957
12.645784,200,70.697299
-1.533064,200,70.74848
10.751252,200,70.798925
3.906415,200,70.850278
-22.11204,200,70.900347
-34.907143,154,70.939701
-24.857143,164,70.980575
-16.207143,200,71.031473
-23.435923,200,71.08146
0.854401,200,71.134343
-18.892857,200,71.184082
-39.845086,155,71.222897
-20.230383,200,71.273661
-26.092857,200,71.323571
-33.17721,159,71.364434
-6.88252,200,71.414438
-3.89286,200,71.465473
-20.092857,200,71.5159
-13.087355,200,71.566842
-21.366817,200,71.61939
-24.726809,200,71.670239
-35.44542,183,71.716377
-25.092857,200,71.767239
-21.696173,200,71.81738
-27.442857,200,71.868449
-32.807143,176,71.912758
-32.103861,159,71.951927
-5.196538,200,72.002865
-15.892857,200,72.052602
-10.037018,200,72.105617
-5.705786,200,72.155525
-9.925421,200,72.230593
-8.590258,200,72.283725
-6.315853,200,72.334806
-7.254109,200,72.384948
9.289027,200,72.435716
-4.567639,200,72.485697
1.842164,200,72.536705
0.394469,200,72.586496
-2.042857,200,72.639649
-7.522892,200,72.689521
-4.19419,200,72.740428
1.651352,200,72.790483
-29.406164,200,72.841127
-1.741029,200,72.891513
-7.400424,200,72.942321
-3.831051,200,72.992139
-7.545817,200,73.042571
-35.058993,200,73.092228
-4.407034,200,73.145313
15.272709,200,73.195345
-0.273941,200,73.24679
-3.173905,200,73.296573
13.60778,200,73.347449
15.689808,200,73.397708
0.437448,200,73.448016
13.164851,200,73.498493
14.167032,200,73.548606
-5.06251,200,73.599685
15.628186,200,73.651774
12.421896,200,73.702369
11.422633,200,73.752423
3.966327,200,73.805666
8.945528,200,73.855537
-3.411942,200,73.906849
-22.155667,198,73.956772
-39.111815,162,73.997967
2.289379,200,74.047756
-7.821898,200,74.099078
3.385393,200,74.151079
14.926744,200,74.202234
4.848183,200,74.252552
2.016599,200,74.303594
-35.96605,171,74.346293
-40.338127,156,74.38543
14.27411,200,74.437815
13.851018,200,74.48763
4.098463,200,74.538579
14.9354,200,74.588466
11.369894,200,74.641398
13.988061,200,74.691617
5.382617,200,74.742719
-0.73217,200,74.792999
12.400716,200,74.843806
4.550879,200,74.89348
12.906687,200,74.944264
0.985114,200,74.993864
10.572961,200,75.044685
14.180095,200,75.094377
11.796689,200,75.147098
-0.292197,200,75.197134
10.986334,200,75.247754
13.746707,200,75.297684
1.46761,200,75.348444
0.471703,200,75.398268
10.190944,200,75.448182
12.490755,200,75.49891
0.012636,200,75.54868
-2.664782,200,75.599856
8.408705,200,75.651597
-4.502833,200,75.702491
0.063037,200,75.752151
7.963882,200,75.802932
-1.790935,200,75.852705
-7.68216,200,75.90335
-6.742902,200,75.952955
-20.462591,200,76.003981
6.503924,200,76.053697
-2.274428,200,76.104817
-20.201134,200,76.156483
10.219498,200,76.207842
14.375436,200,76.257506
3.306027,200,76.308423
-0.560939,200,76.357901
-1.623569,200,76.408893
0.457143,200,76.459267
8.825478,200,76.510404
11.48449,200,76.560346
-1.930073,200,76.610118
9.678509,200,76.662338
9.942586,200,76.712594
1.41826,200,76.763993
13.437804,200,76.813801
12.698765,200,76.864568
0.318123,200,76.914059
12.782499,200,76.965092
0.142857,200,77.015233
15.367897,200,77.065925
16.547416,200,77.115868
17.275903,200,77.168879
15.115664,200,77.219203
14.479676,200,77.270196
-0.422886,200,77.320044
0.719001,200,77.370844
1.041212,200,77.420937
-1.6995,200,77.471613
9.842499,200,77.521703
8.257293,200,77.572093
13.130331,200,77.621963
1.627262,200,77.674465
14.027234,200,77.72449
14.729797,200,77.775557
13.360201,200,77.825555
11.556126,200,77.875246
12.099906,200,77.925916
13.374365,200,77.975488
12.290335,200,78.026405
6.754208,200,78.076436
6.024244,200,78.127448
9.246761,200,78.180617
15.480927,200,78.231984
12.199813,200,78.281898
12.716299,200,78.33256
14.090807,200,78.382844
-3.098024,200,78.433598
13.039851,200,78.48378
15.275151,200,78.534585
10.633154,200,78.584279
13.654257,200,78.634655
-0.915437,200,78.686316
12.246268,200,78.737547
13.987792,200,78.787809
12.552071,200,78.838949
-24.389714,200,78.889187
-4.174122,200,78.940194
7.535174,200,78.990096
9.710434,200,79.040764
10.257505,200,79.090502
8.790062,200,79.140444
0.511433,200,79.193001
10.360305,200,79.24385
13.159467,200,79.295139
13.303907,200,79.345276
2.707143,200,79.397213
11.4905,200,79.44778
13.215873,200,79.499186
11.013778,200,79.549121
9.93094,200,79.600261
13.06785,200,79.649732
-0.196813,200,79.702597
12.704522,200,79.752908
8.50029,200,79.803924
16.274316,200,79.853795
-18.142857,200,79.904396
-5.805348,200,79.95431
-1.536606,200,80.005251
14.53571,200,80.055262
-0.680051,200,80.106076
10.429854,200,80.155866
-13.87316,200,80.208367
10.741611,200,80.258794
8.994384,200,80.309396
17.482131,200,80.359322
14.156547,200,80.410421
12.498448,200,80.460477
15.413349,200,80.511321
15.162765,200,80.561513
-7.802983,200,80.611977
16.089224,200,80.662198
4.912431,200,80.713924
12.583377,200,80.765449
14.615661,200,80.815391
17.021089,200,80.866557
-0.659029,200,80.916696
11.293298,200,80.967474
14.264488,200,81.017638
11.562649,200,81.068572
-3.396262,200,81.118463
11.902381,200,81.169259
0.231837,200,81.221434
12.700731,200,81.272638
11.20599,200,81.322691
15.837478,200,81.373643
6.757682,200,81.423714
13.000057,200,81.474582
5.358755,200,81.52463
15.541158,200,81.575273
11.929193,200,81.625347
2.688614,200,81.675948
14.456133,200,81.727985
10.969515,200,81.779505
5.858848,200,81.829838
0.779807,200,81.880445
11.995656,200,81.930593
9.80634,200,81.980612
14.200796,200,82.032061
-0.846844,200,82.08145
3.610112,200,82.132422
12.636297,200,82.182328
14.814483,200,82.235452
11.916885,200,82.285619
-5.148021,200,82.336794
12.172757,200,82.38671
4.639673,200,82.437969
11.382329,200,82.487874
-44.217979,165,82.529947
-13.874537,200,82.579438
-16.100769,200,82.63037
13.198982,200,82.680124
14.237275,200,82.732862
0.371,200,82.783287
2.221986,200,82.83411
-12.114016,200,82.883738
4.759893,200,82.93454
0.522836,200,82.984245
-0.60889,200,83.034203
-9.867293,200,83.084636
-17.649638,200,83.134377
-13.555077,200,83.185222
-15.2797,200,83.237132
-19.742856,200,83.288083
-17.287952,200,83.338142
0.621422,200,83.389034
-5.153251,200,83.438664
-12.84025,200,83.489704
-17.354511,200,83.53971
-27.792857,200,83.590505
-3.035004,200,83.640407
-1.579998,200,83.69137
-35.454625,197,83.742485
15.384449,200,83.793625
-6.426687,200,83.84336
-15.925738,200,83.89415
-5.463767,200,83.943997
1.64406,200,83.994716
-6.599011,200,84.044584
-16.763776,200,84.095561
-9.948351,200,84.145545
1.057143,200,84.196184
-15.878748,200,84.2479
3.84012,200,84.299006
3.676168,200,84.34889
9.747803,200,84.399411
-8.71911,200,84.4506
14.59275,200,84.500546
15.476662,200,84.55167
13.749191,200,84.601214
-11.242857,200,84.651784
12.488742,200,84.701675
-2.242419,200,84.754573
14.031707,200,84.804756
2.257143,200,84.855728
9.530242,200,84.905538
14.343472,200,84.956804
0.334304,200,85.007073
11.881928,200,85.058383
-1.904423,200,85.108472
13.489936,200,85.159451
-2.592857,200,85.209643
2.219958,200,85.262864
-3.392857,200,85.312845
-10.03998,200,85.363775
-7.806319,200,85.413747
0.324568,200,85.464581
5.359057,200,85.514398
-10.196046,200,85.565462
10.74798,200,85.615146
1.071003,200,85.66622
17.563179,200,85.716468
-3.683416,200,85.769275
0.51164,200,85.819454
12.721044,200,85.870366
1.457143,200,85.920727
17.255346,200,85.970946
10.257143,200,86.021861
9.930309,200,86.071609
12.795056,200,86.122314
12.057143,200,86.172413
0.609267,200,86.223149
-1.360837,200,86.274806
17.16661,200,86.326097
16.25492,200,86.376386
15.296154,200,86.427575
16.60732,200,86.477672
-29.36381,173,86.521739
-48.158768,155,86.560663
-13.405643,200,86.611135
1.432495,200,86.661052
8.818693,200,86.711622
17.041953,200,86.763717
16.378295,200,86.814026
16.186074,200,86.865313
14.19986,200,86.915147
-17.919165,200,86.966447
15.09012,200,87.016599
15.981213,200,87.067953
10.612132,200,87.117776
14.054384,200,87.168579
13.916755,200,87.218708
13.789063,200,87.27074
4.034568,200,87.321156
20.433513,200,87.372253
12.566028,200,87.422488
15.253956,200,87.473232
15.561623,200,87.522906
9.225843,200,87.573872
12.780027,200,87.623879
16.521451,200,87.67452
16.544787,200,87.724286
16.26366,200,87.777093
3.838788,200,87.827009
15.285768,200,87.877934
13.110721,200,87.927778
15.083367,200,87.977959
16.874881,200,88.028791
12.878221,200,88.079061
3.257931,200,88.129966
-3.324777,200,88.180004
15.690235,200,88.231334
17.492246,200,88.283212
-5.897844,200,88.334468
-5.756465,200,88.384523
16.688838,200,88.435505
15.251225,200,88.485538
1.61864,200,88.536141
5.175957,200,88.586549
16.425366,200,88.637281
17.722344,200,88.687256
17.102795,200,88.738173
2.184407,200,88.789992
16.221158,200,88.841291
15.892403,200,88.891692
16.06571,200,88.942636
15.933778,200,88.992685
18.651579,200,89.043598
17.280117,200,89.093451
-7.607048,200,89.144144
16.888617,200,89.194077
16.558969,200,89.244087
14.075871,200,89.296884
15.010101,200,89.347144
15.499354,200,89.398881
15.882193,200,89.4492
16.825421,200,89.500782
14.055636,200,89.550529
17.829746,200,89.601487
14.359192,200,89.651154
8.864,200,89.701903
16.30252,200,89.751759
14.890228,200,89.804652
15.788109,200,89.854794
-21.73414,200,89.905509
10.963769,200,89.955465
16.043022,200,90.006237
-38.451391,200,90.05633
-2.082067,200,90.107501
18.790359,200,90.157647
16.019101,200,90.208587
-0.387881,200,90.258755
16.735403,200,90.311445
14.174963,200,90.361887
12.344245,200,90.412675
15.300757,200,90.46252
17.065344,200,90.513372
9.893168,200,90.563099
15.586183,200,90.613139
-3.171841,200,90.664189
13.159703,200,90.714024
14.752353,200,90.765133
14.176671,200,90.818247
12.064438,200,90.874456
11.629192,200,90.924487
14.662024,200,90.976149
-60.25,155,91.014672
15.15093,200,91.065485
16.048842,200,91.115321
17.054137,200,91.166672
8.257143,200,91.216858
12.412235,200,91.268134
12.56346,200,91.320157
14.14754,200,91.371131
15.901073,200,91.42134
4.44557,200,91.472536
8.202877,200,91.522726
15.000253,200,91.573491
5.46506,200,91.623407
1.69446,200,91.674451
14.592229,200,91.724364
12.066111,200,91.774546
16.054378,200,91.827336
15.268601,200,91.876909
15.14895,200,91.928098
11.13582,200,91.977551
15.781672,200,92.028525
18.16324,200,92.078596
10.046328,200,92.129712
18.419158,200,92.180032
12.821885,200,92.230922
14.663634,200,92.28063
10.222775,200,92.333424
16.128365,200,92.383316
13.1226,200,92.434818
15.961758,200,92.484815
9.560124,200,92.535194
14.954035,200,92.584745
-1.597178,200,92.635758
10.474673,200,92.685592
1.608619,200,92.736423
16.768458,200,92.786375
15.04497,200,92.839236
6.272962,200,92.888916
14.646907,200,92.939753
17.946071,200,92.9899
15.681927,200,93.039555
13.128463,200,93.090076
7.470698,200,93.140036
15.656832,200,93.190852
10.581769,200,93.240438
11.733625,200,93.290992
11.280554,200,93.342941
13.438215,200,93.39352
15.260642,200,93.443521
14.169475,200,93.494129
9.478784,200,93.543822
0.815877,200,93.594802
8.43985,200,93.644085
-5.035435,200,93.695192
5.050531,200,93.744889
15.476186,200,93.795663
8.93854,200,93.847199
11.749204,200,93.897959
16.741024,200,93.94805
10.312889,200,93.998803
16.043483,200,94.048446
14.34424,200,94.098149
18.102922,200,94.148977
15.598028,200,94.19943
15.689101,200,94.250413
16.294925,200,94.300608
15.086717,200,94.353265
-25.609963,167,94.395572
-22.11291,200,94.447418
13.78968,200,94.497494
17.80614,200,94.548312
16.648006,200,94.59817
17.023432,200,94.649049
11.025369,200,94.699269
-9.835986,200,94.750114
9.748467,200,94.800229
9.050052,200,94.852443
13.773424,200,94.902457
16.524726,200,94.953392
16.260973,200,95.003532
18.588361,200,95.05459
17.247416,200,95.104781
17.586456,200,95.156069
11.109505,200,95.206733
14.889913,200,95.256806
18.867777,200,95.308104
14.957421,200,95.359957
17.807366,200,95.438199
14.942096,200,95.489181
14.572986,200,95.538383
16.33282,200,95.588555
16.880741,200,95.63822
13.160773,200,95.688582
16.675406,200,95.738643
12.143395,200,95.78818
13.991938,200,95.838766
14.556317,200,95.890547
14.220854,200,95.941255
16.207758,200,95.991063
15.328307,200,96.042035
12.097809,200,96.091763
10.997543,200,96.142173
5.927482,200,96.191985
6.476608,200,96.24269
2.217271,200,96.292319
16.845873,200,96.342815
14.453548,200,96.394431
15.720724,200,96.445075
15.754471,200,96.495177
8.359157,200,96.546186
17.582905,200,96.595962
17.618539,200,96.646925
7.402967,200,96.696441
17.253668,200,96.747341
17.607143,200,96.797133
17.416743,200,96.847459
11.690952,200,96.899115
17.075755,200,96.949609
-2.830652,200,96.999928
14.77498,200,97.049758
19.463981,200,97.100469
17.647983,200,97.150273
15.682298,200,97.200841
17.421154,200,97.251627
17.882493,200,97.302432
17.730818,200,97.352305
18.211616,200,97.405016
16.423351,200,97.454645
4.984892,200,97.505724
17.171692,200,97.555758
4.850246,200,97.606187
18.949763,200,97.656019
17.387313,200,97.706881
17.896496,200,97.756997
16.494642,200,97.807576
18.914201,200,97.857419
16.378076,200,97.910072
14.021134,200,97.959887
17.550015,200,98.010914
17.743072,200,98.06093
14.28843,200,98.111403
16.08124,200,98.161331
13.329928,200,98.210653
7.126432,200,98.261856
7.16637,200,98.311555
-3.69145,200,98.362615
14.507143,200,98.413685
18.432303,200,98.464684
16.750137,200,98.515034
16.403356,200,98.566056
17.671696,200,98.615704
18.943001,200,98.666754
17.539165,200,98.716385
12.525548,200,98.767322
17.633237,200,98.817428
15.092442,200,98.873422
15.761618,200,98.926243
6.168125,200,98.977996
15.142722,200,99.028459
13.766737,200,99.079709
17.20964,200,99.129878
16.700332,200,99.180821
12.448538,200,99.230903
14.688959,200,99.282089
17.760606,200,99.331809
19.502868,200,99.382807
17.127119,200,99.436081
18.097407,200,99.495873
8.257421,200,99.546702
16.522266,200,99.598157
15.036132,200,99.648396
15.960181,200,99.699243
10.320574,200,99.749155
-2.529909,200,99.800334
12.917301,200,99.85037
12.12649,200,99.899916
1.958873,200,99.965095
15.668122,200,100.049306
13.209994,200,100.10166
16.170859,200,100.153002
16.1753,200,100.203183
13.381582,200,100.254862
16.870118,200,100.306048
-1.340774,200,100.357222
19.356474,200,100.407429
16.551331,200,100.458606
16.564858,200,100.510389
12.700651,200,100.561652
13.395383,200,100.611763
18.001304,200,100.662821
15.647277,200,100.717405
15.417066,200,100.769012
17.578792,200,100.819368
15.905384,200,100.870487
15.503022,200,100.920687
16.270676,200,100.972965
16.680426,200,101.024789
15.787076,200,101.07591
15.398302,200,101.126225
14.947715,200,101.177112
13.730626,200,101.229089
8.207371,200,101.28269
16.854404,200,101.333032
15.137471,200,101.384395
17.015827,200,101.434267
17.067253,200,101.485128
16.307467,200,101.537285
17.735945,200,101.58868
14.703243,200,101.63881
18.624938,200,101.690028
16.578017,200,101.740109
18.044035,200,101.790127
16.708354,200,101.85289
15.914081,200,101.905282
17.827164,200,101.955893
13.847532,200,102.007037
15.787698,200,102.073519
16.64685,200,102.12968
15.618372,200,102.191003
16.057143,200,102.246849
14.183264,200,102.303902
18.093563,200,102.359906
15.790149,200,102.477816
19.220045,200,102.542203
17.709685,200,102.600215
17.543992,200,102.669928
17.657143,200,102.754464
15.901175,200,102.81735
18.086164,200,102.887582
15.608843,200,102.943126
19.766842,200,103.000581
14.242294,200,103.068472
11.179855,200,103.129541
17.876734,200,103.184151
17.590364,200,103.237287
14.873838,200,103.305324
16.849426,200,103.359063
17.770233,200,103.41175
17.251476,200,103.462471
18.474888,200,103.513521
18.932188,200,103.572321
15.784987,200,103.629886
15.684186,200,103.690814
15.536623,200,103.742734
15.623324,200,103.794099
8.693997,200,103.844502
16.162536,200,103.896631
17.022588,200,103.947418
17.605409,200,103.998936
15.397214,200,104.063705
17.212726,200,104.122811
16.929024,200,104.179302
18.163594,200,104.234879
16.313108,200,104.286435
16.112571,200,104.337903
17.668761,200,104.388793
17.365778,200,104.480116
14.336722,200,104.546729
16.345517,200,104.61403
16.567789,200,104.667767
15.854673,200,104.719531
15.166462,200,104.770376
16.179956,200,104.821126
14.274724,200,104.872339
9.026474,200,104.922429
16.341252,200,104.973282
16.102218,200,105.024957
15.191051,200,105.075915
-1.589444,200,105.126437
4.955444,200,105.17692
12.775352,200,105.226532
13.483062,200,105.27711
-2.086855,200,105.32671
-26.49135,200,105.377798
11.258065,200,105.428391
16.133658,200,105.479129
17.168361,200,105.532615
18.38272,200,105.58473
2.921672,200,105.636294
-30.542857,200,105.687107
0.767859,200,105.739279
13.880615,200,105.790109
-4.890859,200,105.841978
19.0418,200,105.893548
18.905457,200,105.944704
17.173646,200,105.994847
15.983207,200,106.047292
5.420885,200,106.097649
17.557985,200,106.148627
17.486739,200,106.198646
17.275226,200,106.249754
16.978489,200,106.299458
15.19884,200,106.350332
18.112993,200,106.400694
15.331658,200,106.451463
13.861567,200,106.501249
15.705183,200,106.554215
6.050654,200,106.604397
15.027548,200,106.655555
17.11593,200,106.705375
18.832226,200,106.755963
16.297771,200,106.805717
17.931344,200,106.856721
17.602866,200,106.906731
15.508902,200,106.957625
16.832551,200,107.00738
4.01205,200,107.060027
17.916552,200,107.110634
7.431837,200,107.161326
17.98996,200,107.211335
15.474663,200,107.261236
17.028479,200,107.312131
17.834213,200,107.361778
17.516456,200,107.413094
16.61457,200,107.46302
16.689157,200,107.513868
15.423978,200,107.565447
15.740771,200,107.616548
14.121854,200,107.666884
16.273759,200,107.718036
16.424998,200,107.767642
15.2085,200,107.818486
15.200018,200,107.868315
17.703842,200,107.91971
15.611359,200,107.969317
-15.702687,200,108.019899
13.29606,200,108.071426
17.375014,200,108.122186
18.129891,200,108.172338
16.264003,200,108.223036
17.393129,200,108.272852
15.969043,200,108.323731
13.7982,200,108.373737
19.133306,200,108.42491
11.45455,200,108.474721
16.250591,200,108.524813
12.201441,200,108.577246
18.530415,200,108.6274
19.162347,200,108.678759
18.078122,200,108.728827
14.401624,200,108.779733
16.388877,200,108.829355
-0.62019,200,108.879947
10.303047,200,108.93042
2.349246,200,108.981435
15.957118,200,109.030985
16.598565,200,109.083664
17.807784,200,109.133958
17.191053,200,109.185433
19.826901,200,109.235922
16.290519,200,109.286992
17.355129,200,109.336658
18.377155,200,109.387736
14.073054,200,109.43911
17.440279,200,109.490067
16.932088,200,109.540178
17.33854,200,109.593021
14.392398,200,109.642937
16.095813,200,109.694104
16.054662,200,109.744069
17.387829,200,109.794337
15.292527,200,109.845439
16.188356,200,109.895722
18.435868,200,109.946739
18.635876,200,109.996941
18.029219,200,110.047879
18.31382,200,110.099619
14.043853,200,110.150182
18.326584,200,110.200818
-9.742857,200,110.251874
17.302311,200,110.301818
18.988549,200,110.352954
16.68824,200,110.403072
18.825764,200,110.454464
15.68924,200,110.50438
18.301175,200,110.555379
19.103541,200,110.607664
16.654622,200,110.658462
18.399054,200,110.708582
-71.271429,188,110.756442
12.578843,200,110.80646
8.622357,200,110.857147
19.207226,200,110.907506
17.885705,200,110.958607
10.236723,200,111.008745
18.647464,200,111.05893
17.093243,200,111.111781
17.207132,200,111.161832
15.201472,200,111.213033
11.473058,200,111.26322
-7.442857,200,111.314014
17.821313,200,111.363758
14.64823,200,111.414593
17.215665,200,111.464932
16.816214,200,111.515806
17.403606,200,111.56577
17.330765,200,111.618852
15.872999,200,111.668993
17.093216,200,111.719824
17.80343,200,111.769615
16.118072,200,111.820705
16.651372,200,111.870558
17.38119,200,111.921426
15.354854,200,111.971572
15.212971,200,112.022349
16.627616,200,112.072555
18.88664,200,112.125637
16.831205,200,112.176153
16.00124,200,112.227314
12.357143,200,112.277803
16.844319,200,112.327781
18.369988,200,112.378617
15.592377,200,112.428489
12.839368,200,112.479643
16.048045,200,112.529851
16.775649,200,112.580471
15.846063,200,112.63223
19.946787,200,112.683612
16.272237,200,112.733605
14.824953,200,112.784421
12.056314,200,112.834167
16.507514,200,112.884788
11.573343,200,112.934822
13.06291,200,112.986078
18.622872,200,113.036227
16.35469,200,113.087389
16.469129,200,113.139225
17.057568,200,113.190501
17.280438,200,113.240829
11.228951,200,113.291822
15.454468,200,113.341518
19.250274,200,113.392472
17.232068,200,113.443046
17.155363,200,113.493327
-6.181297,200,113.544419
19.138074,200,113.594257
18.550637,200,113.647172
3.739397,200,113.697259
16.737412,200,113.748281
17.360625,200,113.798275
13.749049,200,113.849479
16.312175,200,113.899391
18.761569,200,113.95086
17.459681,200,114.001024
16.330667,200,114.051809
17.579954,200,114.101722
16.079353,200,114.154484
16.127161,200,114.204487
16.811373,200,114.255799
14.776191,200,114.305652
13.972812,200,114.357852
15.32854,200,114.408695
17.864073,200,114.460721
19.164724,200,114.511013
14.271564,200,114.561561
17.697271,200,114.61134
4.294451,200,114.663887
18.089101,200,114.714211
15.473379,200,114.765128
16.792258,200,114.815159
17.566494,200,114.86597
15.231205,200,114.915611
19.061908,200,114.965692
18.697559,200,115.017245
16.502502,200,115.067046
12.575379,200,115.117501
-17.933608,200,115.168891
18.316894,200,115.219992
17.707908,200,115.271029
17.831141,200,115.321915
11.583059,200,115.371374
16.42504,200,115.42217
13.72286,200,115.472345
7.81794,200,115.52338
17.173715,200,115.573523
18.121227,200,115.624497
18.725468,200,115.676537
14.651335,200,115.727504
17.849397,200,115.777776
-14.392857,200,115.828287
16.708522,200,115.878469
17.649036,200,115.929587
14.159081,200,115.97947
17.71086,200,116.030696
18.368522,200,116.080793
15.483872,200,116.13053
12.07073,200,116.183163
18.738658,200,116.233392
17.20545,200,116.284984
11.340425,200,116.33462
14.241313,200,116.399112
16.022711,200,116.449658
17.609793,200,116.501169
8.33698,200,116.551958
17.87661,200,116.603215
-23.051313,200,116.653406
15.720914,200,116.706372
15.793073,200,116.756609
17.678093,200,116.808131
15.029371,200,116.858035
17.084848,200,116.909461
16.740288,200,116.959408
15.745569,200,117.010675
15.539668,200,117.06095
18.127463,200,117.111858
13.72831,200,117.16177
17.757143,200,117.214932
-2.915164,200,117.264885
10.141639,200,117.316094
13.672406,200,117.365773
7.171525,200,117.416769
8.376295,200,117.466669
-20.247938,200,117.517772
-65.498227,198,117.567667
16.930628,200,117.618799
16.944586,200,117.668885
12.105532,200,117.721832
-80.273473,179,117.766477
12.697601,200,117.816965
10.821858,200,117.867933
1.207143,200,117.917921
15.24372,200,117.96957
17.092068,200,118.020076
17.553431,200,118.071424
16.807143,200,118.121336
16.578634,200,118.17237
16.321114,200,118.224526
3.850275,200,118.275624
9.709171,200,118.325998
12.951466,200,118.376871
15.864071,200,118.42696
16.072373,200,118.47813
18.140535,200,118.528262
17.599141,200,118.579486
16.082717,200,118.629187
15.073459,200,118.680133
14.858511,200,118.731754
11.444819,200,118.782986
17.336516,200,118.833489
12.35773,200,118.884454
17.049286,200,118.934548
18.680997,200,118.985799
16.435684,200,119.035784
16.948108,200,119.086392
7.958535,200,119.137456
15.357041,200,119.187642
15.667159,200,119.26861
17.812041,200,119.320015
16.195751,200,119.370416
16.994112,200,119.42197
14.873322,200,119.472691
16.195642,200,119.523133
17.145067,200,119.572992
18.239124,200,119.624357
15.984051,200,119.674185
15.97907,200,119.725266
17.752295,200,119.776733
13.336754,200,119.827219
18.966433,200,119.877383
18.061053,200,119.928158
16.548403,200,119.97787
17.527033,200,120.027536
16.654034,200,120.078186
16.626326,200,120.128366
10.054539,200,120.178997
18.150786,200,120.229181
19.747233,200,120.282385
18.221737,200,120.332314
19.21074,200,120.383679
16.828702,200,120.433789
20.757143,200,120.484894
13.221034,200,120.534799
19.207143,200,120.585394
18.164475,200,120.635494
15.69186,200,120.686117
16.512474,200,120.735803
17.692684,200,120.788514
16.175968,200,120.843898
15.71354,200,120.908549
16.907143,200,120.960085
17.238354,200,121.011859
17.911195,200,121.061935
16.9216,200,121.112782
17.857143,200,121.162873
15.827193,200,121.213639
9.963983,200,121.264131
16.470285,200,121.316614
14.675208,200,121.366741
17.700895,200,121.417691
17.570163,200,121.467734
16.864467,200,121.518429
19.457143,200,121.568512
15.127613,200,121.619139
19.135298,200,121.669517
17.527137,200,121.720393
15.556462,200,121.770699
4.582554,200,121.82308
15.006408,200,121.873483
5.936822,200,121.925096
2.529593,200,121.976511
16.558997,200,122.026095
19.965154,200,122.077042
17.611607,200,122.126794
15.998076,200,122.17803
15.903691,200,122.227959
14.686008,200,122.278746
16.749676,200,122.330731
14.423924,200,122.381654
13.968403,200,122.431885
15.576072,200,122.482569
17.160588,200,122.532448
14.344463,200,122.583379
17.451248,200,122.633171
9.157143,200,122.684434
17.036498,200,122.734294
17.89005,200,122.785354
16.766757,200,122.8375
17.978188,200,122.888589
17.294122,200,122.938648
16.611069,200,122.989457
17.347273,200,123.039212
17.7596,200,123.090273
17.741815,200,123.14039
16.149433,200,123.191516
16.514304,200,123.241803
17.505511,200,123.291514
17.361046,200,123.344269
17.508893,200,123.394415
15.448481,200,123.445353
15.804491,200,123.495204
17.001706,200,123.546128
15.262004,200,123.595744
15.666978,200,123.646532
12.202548,200,123.696746
11.546956,200,123.747857
17.58751,200,123.797773
16.414993,200,123.850619
12.473338,200,123.900421
16.422138,200,123.951712
18.85404,200,124.001763
11.567908,200,124.052919
10.235379,200,124.102787
-9.342857,200,124.15377
17.341677,200,124.20431
12.093305,200,124.255287
13.305521,200,124.304984
17.378342,200,124.357762
17.814911,200,124.407857
12.012669,200,124.460264
18.703559,200,124.510645
12.318384,200,124.561305
14.061743,200,124.611593
2.274312,200,124.661371
19.009564,200,124.71273
18.09206,200,124.762975
19.557279,200,124.81389
18.351599,200,124.866006
16.34963,200,124.916782
17.058834,200,124.966967
12.726713,200,125.018298
18.640596,200,125.068782
15.665942,200,125.119563
19.282803,200,125.169403
19.325879,200,125.220655
17.046974,200,125.270986
16.737738,200,125.321894
18.281888,200,125.373819
17.964663,200,125.425294
15.680694,200,125.475397
11.865201,200,125.526464
17.226717,200,125.576644
12.392262,200,125.627702
18.685012,200,125.677605
17.485804,200,125.728503
11.802743,200,125.778314
18.110823,200,125.829165
16.718916,200,125.880898
17.120936,200,125.930899
11.498127,200,125.982368
17.054393,200,126.032419
16.223296,200,126.083377
17.56961,200,126.133395
16.832509,200,126.184407
